Workbook

Sheet Parámetros
A1: SIMULACIÓN DE ESTACIÓN DE COMBUSTIBLES
A2: Modelo: 4 Surtidores Subvencionados + 1 Internacional
A4: PANEL DE CONTROL | G4: TABLA DE ESCENARIOS
G5: Escenario | H5: Precio_Subv (Bs) | I5: Lambda | J5: Factor_Costo
A6: Escenario Activo (1-16): | B6: 9 | C6: ← Cambia este número para seleccionar el escenario | G6: 1 | H6: 6.96 | I6: 0.3425 | J6: 1
G7: 2 | H7: 6.96 | I7: 0.3425 | J7: 1.5
A8: Parámetro | B8: Valor | C8: Unidad | G8: 3 | H8: 6.96 | I8: 0.5 | J8: 1
A9: Precio Subvencionado | B9: =IFERROR(VLOOKUP(B6,G6:J21,2,FALSE),"?") -> 9.66 | C9: Bs/L | G9: 4 | H9: 6.96 | I9: 0.5 | J9: 1.5
A10: Lambda (llegadas/min) | B10: =IFERROR(VLOOKUP(B6,G6:J21,3,FALSE),"?") -> 0.3425 | C10: veh/min | G10: 5 | H10: 8.31 | I10: 0.3425 | J10: 1
A11: Factor Costo Oportunidad | B11: =IFERROR(VLOOKUP(B6,G6:J21,4,FALSE),"?") -> 1 | C11: multiplicador | G11: 6 | H11: 8.31 | I11: 0.3425 | J11: 1.5
A12: Precio Internacional (Bs/L) | B12: 12.5 | C12: Bs/L | D12: PARAMETROS FIJOS | G12: 7 | H12: 8.31 | I12: 0.5 | J12: 1
A13: Surtidores Subvencionados | B13: 4 | C13: unidades | G13: 8 | H13: 8.31 | I13: 0.5 | J13: 1.5
A14: Capacidad del Tanque (L) | B14: 10000 | C14: Litros | G14: 9 | H14: 9.66 | I14: 0.3425 | J14: 1
A15: Intervalo de Abastecimiento (min) | B15: 240 | C15: minutos | G15: 10 | H15: 9.66 | I15: 0.3425 | J15: 1.5
A16: Semilla del Generador | B16: 12345 | C16: valor fijo | G16: 11 | H16: 9.66 | I16: 0.5 | J16: 1
G17: 12 | H17: 9.66 | I17: 0.5 | J17: 1.5
G18: 13 | H18: 11.01 | I18: 0.3425 | J18: 1
G19: 14 | H19: 11.01 | I19: 0.3425 | J19: 1.5
G20: 15 | H20: 11.01 | I20: 0.5 | J20: 1
G21: 16 | H21: 11.01 | I21: 0.5 | J21: 1.5
A23: Instrucciones:
A24: 1. Cambia el valor en B6 (1-16) para seleccionar el escenario. 2. La hoja 'Simulación' se recalcula automáticamente con los parámetros del escenario activo. 3. Revisa 'Estadísticas' para ver las métricas del escenario actual. 4. Completa la hoja 'Comparativa' copiando los resultados de cada escenario.

Sheet Generador
A1: GENERADOR CONGRUENCIAL MIXTO | a=1,664,525 | c=1,013,904,223 | m=2,147,483,647 | Semilla=12345
A2: n | B2: X_n (estado) | C2: R = X_n / m | D2: Variable | E2: Descripción | G2: a = | H2: 1664525
A3: 1 | B3: 87628878 | C3: 0.040805376 | D3: R_Tipo (veh. 1) | E3: Tipo de vehículo (empírica) | G3: c = | H3: 1013904223
A4: 2 | B4: 87785639 | C4: 0.040878374 | D4: R_Volumen (veh. 1) | E4: Volumen de combustible (uniforme) | G4: m = | H4: 2147483647
A5: 3 | B5: 1174867877 | C5: 0.54709049 | D5: R_Servicio (veh. 1) | E5: Tiempo de servicio (uniforme) | G5: X0 (semilla) = | H5: 12345
A6: 4 | B6: 573661686 | C6: 0.26713204 | D6: R_CostoOp (veh. 1) | E6: Costo de oportunidad (triangular)
A7: 5 | B7: 923122117 | C7: 0.42986223 | D7: R_TiempoLleg (veh. 1) | E7: Tiempo entre llegadas (exponencial)
A8: 6 | B8: 1946536796 | C8: 0.90642683 | D8: R_Tipo (veh. 2) | E8: Tipo de vehículo (empírica)
A9: 7 | B9: 1272181933 | C9: 0.59240588 | D9: R_Volumen (veh. 2) | E9: Volumen de combustible (uniforme)
A10: 8 | B10: 1856199170 | C10: 0.8643601 | D10: R_Servicio (veh. 2) | E10: Tiempo de servicio (uniforme)
A11: 9 | B11: 987710870 | C11: 0.45993872 | D11: R_CostoOp (veh. 2) | E11: Costo de oportunidad (triangular)
A12: 10 | B12: 2066804360 | C12: 0.96243078 | D12: R_TiempoLleg (veh. 2) | E12: Tiempo entre llegadas (exponencial)
A13: 11 | B13: 1213575693 | C13: 0.56511522 | D13: R_Tipo (veh. 3) | E13: Tipo de vehículo (empírica)
A14: 12 | B14: 1896711792 | C14: 0.88322526 | D14: R_Volumen (veh. 3) | E14: Volumen de combustible (uniforme)
A15: 13 | B15: 2125845973 | C15: 0.98992417 | D15: R_Servicio (veh. 3) | E15: Tiempo de servicio (uniforme)
A16: 14 | B16: 12833210 | C16: 0.0059759291 | D16: R_CostoOp (veh. 3) | E16: Costo de oportunidad (triangular)
A17: 15 | B17: 1192942764 | C17: 0.55550726 | D17: R_TiempoLleg (veh. 3) | E17: Tiempo entre llegadas (exponencial)
... A5007: 5005 | B5007: 369290047 | C5007: 0.17196408 | D5007: R_TiempoLleg (veh. 1001) | E5007: Tiempo entre llegadas (exponencial)

Sheet Simulación
A1: TABLA DE SIMULACIÓN - ESTACIÓN DE COMBUSTIBLES | 1000 Vehículos | Escenario activo: ver Parámetros!B6
A2: ID Veh. | B2: R_Tipo | C2: Tipo Vehículo | D2: R_Vol | E2: Volumen (L) | F2: R_Serv | G2: T.Servicio (min) | H2: R_CostoOp | I2: Costo Op. (Bs/min) | J2: R_TLleg | K2: T.e/Llegadas (min) | L2: Hora Llegada | M2: Costo Estim.SUBV | N2: Costo Estim.INT | O2: Decisión | P2: Surtidor Asig. | Q2: Inicio Servicio | R2: Fin Servicio | S2: T.Espera (min) | T2: Fin.S1 | U2: Fin.S2 | V2: Fin.S3 | W2: Fin.S4
A3: 1 | B3: 0.040805376 | C3: Trans. Pesado | D3: 0.040878374 | E3: 284.9054 | F3: 0.54709049 | G3: 10.092393 | H3: 0.26713204 | I3: 3.1330072 | J3: 0.42986223 | K3: 2.4650818 | L3: 2.4650818 | M3: 1982.9416 | N3: 3561.3176 | O3: SUBV | P3: 1 | Q3: 2.4650818 | R3: 12.557475 | S3: 0 | T3: 12.557475 | U3: 0 | V3: 0 | W3: 0
A4: 2 | B4: 0.90642683 | C4: Cisterna | D4: 0.59240588 | E4: 321.46841 | F4: 0.8643601 | G4: 10.070077 | H4: 0.45993872 | I4: 2.4591024 | J4: 0.96243078 | K4: 0.11180477 | L4: 2.5768865 | M4: 2237.4201 | N4: 4018.3551 | O4: SUBV | P4: 2 | Q4: 2.5768865 | R4: 12.646963 | S4: 0 | T4: 12.557475 | U4: 12.646963 | V4: 0 | W4: 0
A5: 3 | B5: 0.56511522 | C5: Auto Particular | D5: 0.88322526 | E5: 43.832253 | F5: 0.98992417 | G5: 3.4953651 | H5: 0.0059759291 | I5: 0.5354252 | J5: 0.55550726 | K5: 1.7164193 | L5: 4.2933058 | M5: 305.07248 | N5: 547.90316 | O5: SUBV | P5: 3 | Q5: 4.2933058 | R5: 7.7886709 | S5: 0 | T5: 12.557475 | U5: 12.646963 | V5: 7.7886709 | W5: 0
A6: 4 | B6: 0.19979239 | C6: Trans. Pesado | D6: 0.90062773 | E6: 388.07533 | F6: 0.84657695 | G6: 11.029786 | H6: 0.96436855 | I6: 3.8365265 | J6: 0.033750092 | K6: 9.8942252 | L6: 14.187531 | M6: 2701.0043 | N6: 4850.9416 | O6: SUBV | P6: 4 | Q6: 14.187531 | R6: 25.217317 | S6: 0 | T6: 12.557475 | U6: 12.646963 | V6: 7.7886709 | W6: 25.217317
A7: 5 | B7: 0.34428985 | C7: Minibús | D7: 0.54191328 | E7: 44.87722 | F7: 0.67693687 | G7: 3.4449297 | H7: 0.81460587 | I7: 1.4111621 | J7: 0.30590164 | K7: 3.4583698 | L7: 17.645901 | M7: 312.34545 | N7: 560.96524 | O7: SUBV | P7: 3 | Q7: 17.645901 | R7: 21.090831 | S7: 0 | T7: 12.557475 | U7: 12.646963 | V7: 21.090831 | W7: 25.217317
A8: 6 | B8: 0.39907677 | C8: Minibús | D8: 0.73545432 | E8: 46.619089 | F8: 0.56768856 | G8: 3.3924905 | H8: 0.26844794 | I8: 1.1108718 | J8: 0.78549411 | K8: 0.70494107 | L8: 18.350842 | M8: 324.46886 | N8: 582.73861 | O8: SUBV | P8: 1 | Q8: 18.350842 | R8: 21.743332 | S8: 0 | T8: 21.743332 | U8: 12.646963 | V8: 21.090831 | W8: 25.217317
A9: 7 | B9: 0.060203461 | C9: Trans. Pesado | D9: 0.63806449 | E9: 356.56774 | F9: 0.76347271 | G9: 10.76967 | H9: 0.89276656 | I9: 3.7164068 | J9: 0.72407304 | K9: 0.9426657 | L9: 19.293508 | M9: 2481.7115 | N9: 4457.0967 | O9: SUBV | P9: 2 | Q9: 19.293508 | R9: 30.063177 | S9: 0 | T9: 21.743332 | U9: 30.063177 | V9: 21.090831 | W9: 25.217317
A10: 8 | B10: 0.15397659 | C10: Trans. Pesado | D10: 0.35789549 | E10: 322.94746 | F10: 0.46641842 | G10: 9.8398896 | H10: 0.58988864 | I10: 3.4406556 | J10: 0.86842092 | K10: 0.41190876 | L10: 19.705416 | M10: 2252.481 | N10: 4036.8432 | O10: SUBV | P10: 3 | Q10: 21.090831 | R10: 30.93072 | S10: 1.3854142 | T10: 21.743332 | U10: 30.063177 | V10: 30.93072 | W10: 25.217317
A11: 9 | B11: 0.80445417 | C11: Volqueta | D11: 0.54725703 | E11: 191.89028 | F11: 0.48183308 | G11: 5.8584681 | H11: 0.68513887 | I11: 3.4133863 | J11: 0.24797944 | K11: 4.0712684 | L11: 23.776685 | M11: 1335.5564 | N11: 2398.6285 | O11: SUBV | P11: 1 | Q11: 23.776685 | R11: 29.635153 | S11: 0 | T11: 29.635153 | U11: 30.063177 | V11: 30.93072 | W11: 25.217317
A12: 10 | B12: 0.44857785 | C12: Minibús | D12: 0.52156459 | E12: 44.694081 | F12: 0.77294949 | G12: 3.4910158 | H12: 0.22528635 | I12: 1.084786 | J12: 0.23579403 | K12: 4.2183842 | L12: 27.995069 | M12: 311.07081 | N12: 558.67602 | O12: SUBV | P12: 4 | Q12: 27.995069 | R12: 31.486085 | S12: 0 | T12: 29.635153 | U12: 30.063177 | V12: 30.93072 | W12: 31.486085
A13: 11 | B13: 0.53729664 | C13: Auto Particular | D13: 0.16571674 | E13: 36.657167 | F13: 0.12166577 | G13: 3.0959663 | H13: 0.18137644 | I13: 0.69516417 | J13: 0.096468111 | K13: 6.8278621 | L13: 34.822931 | M13: 255.13388 | N13: 458.21459 | O13: SUBV | P13: 1 | Q13: 34.822931 | R13: 37.918897 | S13: 0 | T13: 37.918897 | U13: 30.063177 | V13: 30.93072 | W13: 31.486085
A14: 12 | B14: 0.054730391 | C14: Trans. Pesado | D14: 0.57647378 | E14: 349.17685 | F14: 0.49662367 | G14: 9.9344321 | H14: 0.98873846 | I14: 3.908097 | J14: 0.35725972 | K14: 3.0052328 | L14: 37.828164 | M14: 2430.2709 | N14: 4364.7107 | O14: SUBV | P14: 2 | Q14: 37.828164 | R14: 47.762596 | S14: 0 | T14: 37.918897 | U14: 47.762596 | V14: 30.93072 | W14: 31.486085
... A1002: 1000 | B1002: 0.96928714 | C1002: Camión Med. | D1002: 0.14621111 | E1002: 88.655278 | F1002: 0.51168816 | G1002: 4.4863116 | H1002: 0.21288906 | I1002: 1.7536788 | J1002: 0.63630188 | K1002: 1.319948 | L1002: 2916.5206 | M1002: 617.04073 | N1002: 1108.191 | O1002: SUBV | P1002: 2 | Q1002: 2916.5206 | R1002: 2921.0069 | S1002: 0 | T1002: 2918.9532 | U1002: 2921.0069 | V1002: 2923.4387 | W1002: 2918.5291

Sheet Estadísticas
A1: ESTADÍSTICAS DEL ESCENARIO ACTIVO
A2: Los valores se calculan automáticamente desde la hoja Simulación
A4: PARÁMETROS DEL ESCENARIO ACTIVO
A5: Escenario N° | B5: =Parámetros!B6 -> 9 | C5: Precio Subvencionado | D5: =Parámetros!B9 -> 9.66 | E5: Bs/L
A6: Lambda | B6: =Parámetros!B10 -> 0.3425 | C6: Factor Costo Oport. | D6: =Parámetros!B11 -> 1 | E6: mult.
A7: Precio Internacional | B7: =Parámetros!B14 -> 10000 | C7: Surtidores Subv. | D7: =Parámetros!B15 -> 240 | E7: unid.
A9: MÉTRICAS DE DESEMPEÑO
A10: Métrica | B10: Valor | C10: Unidad | D10: Interpretación
A11: Total Vehículos Simulados | B11: =COUNTA(Simulación!A3:A1002) -> 1000 | C11: vehículos | D11: Número total de vehículos en la simulación
A12: Vehículos Canal Subvencionado | B12: =COUNTIF(Simulación!O3:O1002,"SUBV") -> 1000 | C12: vehículos | D12: Eligieron el surtidor subvencionado
A13: Vehículos Canal Internacional | B13: =COUNTIF(Simulación!O3:O1002,"INT") -> 0 | C13: vehículos | D13: Fueron redirigidos al canal internacional
A14: % de Vehículos Redirigidos | B14: =IFERROR(COUNTIF(Simulación!O3:O1002,"INT")/COUNTA(Simulación!A3:A1002)*100,0) -> 0 | C14: % | D14: Porcentaje que eligió canal internacional
A15: Tiempo Promedio de Espera | B15: =IFERROR(AVERAGE(Simulación!S3:S1002),0) -> 0.18457775 | C15: minutos | D15: Promedio de tiempo en cola (todos los vehículos)
A16: Tiempo Máximo de Espera | B16: =IFERROR(MAX(Simulación!S3:S1002),0) -> 4.7655775 | C16: minutos | D16: El mayor tiempo de espera registrado
A17: Tiempo Promedio de Espera (solo SUBV) | B17: =IFERROR(AVERAGEIF(Simulación!O3:O1002,"SUBV",Simulación!S3:S1002),0) -> 0.18457775 | C17: minutos | D17: Espera promedio en canal subvencionado
A18: Volumen Total Cargado | B18: =IFERROR(SUM(Simulación!E3:E1002),0) -> 143863.35 | C18: Litros | D18: Total de combustible despachado
A19: Volumen Promedio por Vehículo | B19: =IFERROR(AVERAGE(Simulación!E3:E1002),0) -> 143.86335 | C19: Litros/veh | D19: Promedio de litros por atención
A20: Costo Promedio Op. (Bs/min) | B20: =IFERROR(AVERAGE(Simulación!I3:I1002),0) -> 1.9362443 | C20: Bs/min | D20: Valor del tiempo del conductor (promedio)
A21: Tiempo Total de Simulación | B21: =IFERROR(MAX(Simulación!R3:R1002)-MIN(Simulación!L3:L1002),0) -> 2920.9737 | C21: minutos | D21: Duración total del período simulado
A22: Utilización Prom. Surtidores (aprox.) | B22: =IFERROR(SUMIF(Simulación!O3:O1002,"SUBV",Simulación!G3:G1002)/(MAX(Simulación!R3:R1002)*Parámetros!B15),0) -> 0.0077405832 | C22: fracción | D22: Fracción del tiempo que los surtidores estuvieron ocupados
A25: DISTRIBUCIÓN POR TIPO DE VEHÍCULO
A26: Tipo de Vehículo | B26: Frec. Observada | C26: % del Total | D26: T.Espera Prom. | E26: Volumen Prom. | F26: Costo Op. Prom.
A27: Trans. Pesado | B27: =COUNTIF(Simulación!C3:C1002,"Trans. Pesado") -> 232 | C27: =IFERROR(COUNTIF(Simulación!C3:C1002,"Trans. Pesado")/COUNTA(Simulación!A3:A1002)*100,0) -> 23.2 | D27: =IFERROR(AVERAGEIF(Simulación!C3:C1002,"Trans. Pesado",Simulación!S3:S1002),0) -> 0.12994738 | E27: =IFERROR(AVERAGEIF(Simulación!C3:C1002,"Trans. Pesado",Simulación!E3:E1002),0) -> 335.64488 | F27: =IFERROR(AVERAGEIF(Simulación!C3:C1002,"Trans. Pesado",Simulación!I3:I1002),0) -> 3.3348264
A28: Minibús | B28: =COUNTIF(Simulación!C3:C1002,"Minibús") -> 262 | C28: =IFERROR(COUNTIF(Simulación!C3:C1002,"Minibús")/COUNTA(Simulación!A3:A1002)*100,0) -> 26.2 | D28: =IFERROR(AVERAGEIF(Simulación!C3:C1002,"Minibús",Simulación!S3:S1002),0) -> 0.22939541 | E28: =IFERROR(AVERAGEIF(Simulación!C3:C1002,"Minibús",Simulación!E3:E1002),0) -> 44.72404 | F28: =IFERROR(AVERAGEIF(Simulación!C3:C1002,"Minibús",Simulación!I3:I1002),0) -> 1.2490231
A29: Auto Particular | B29: =COUNTIF(Simulación!C3:C1002,"Auto Particular") -> 142 | C29: =IFERROR(COUNTIF(Simulación!C3:C1002,"Auto Particular")/COUNTA(Simulación!A3:A1002)*100,0) -> 14.2 | D29: =IFERROR(AVERAGEIF(Simulación!C3:C1002,"Auto Particular",Simulación!S3:S1002),0) -> 0.14950079 | E29: =IFERROR(AVERAGEIF(Simulación!C3:C1002,"Auto Particular",Simulación!E3:E1002),0) -> 39.81039 | F29: =IFERROR(AVERAGEIF(Simulación!C3:C1002,"Auto Particular",Simulación!I3:I1002),0) -> 0.86177824
A30: Motocicleta | B30: =COUNTIF(Simulación!C3:C1002,"Motocicleta") -> 133 | C30: =IFERROR(COUNTIF(Simulación!C3:C1002,"Motocicleta")/COUNTA(Simulación!A3:A1002)*100,0) -> 13.3 | D30: =IFERROR(AVERAGEIF(Simulación!C3:C1002,"Motocicleta",Simulación!S3:S1002),0) -> 0.25727099 | E30: =IFERROR(AVERAGEIF(Simulación!C3:C1002,"Motocicleta",Simulación!E3:E1002),0) -> 8.494418 | F30: =IFERROR(AVERAGEIF(Simulación!C3:C1002,"Motocicleta",Simulación!I3:I1002),0) -> 0.43142325
A31: Volqueta | B31: =COUNTIF(Simulación!C3:C1002,"Volqueta") -> 69 | C31: =IFERROR(COUNTIF(Simulación!C3:C1002,"Volqueta")/COUNTA(Simulación!A3:A1002)*100,0) -> 6.9 | D31: =IFERROR(AVERAGEIF(Simulación!C3:C1002,"Volqueta",Simulación!S3:S1002),0) -> 0.081703217 | E31: =IFERROR(AVERAGEIF(Simulación!C3:C1002,"Volqueta",Simulación!E3:E1002),0) -> 188.32208 | F31: =IFERROR(AVERAGEIF(Simulación!C3:C1002,"Volqueta",Simulación!I3:I1002),0) -> 3.1784405
A32: Flota Interdep. | B32: =COUNTIF(Simulación!C3:C1002,"Flota Interdep.") -> 38 | C32: =IFERROR(COUNTIF(Simulación!C3:C1002,"Flota Interdep.")/COUNTA(Simulación!A3:A1002)*100,0) -> 3.8 | D32: =IFERROR(AVERAGEIF(Simulación!C3:C1002,"Flota Interdep.",Simulación!S3:S1002),0) -> 0.18102819 | E32: =IFERROR(AVERAGEIF(Simulación!C3:C1002,"Flota Interdep.",Simulación!E3:E1002),0) -> 279.90159 | F32: =IFERROR(AVERAGEIF(Simulación!C3:C1002,"Flota Interdep.",Simulación!I3:I1002),0) -> 3.967665
A33: Cisterna | B33: =COUNTIF(Simulación!C3:C1002,"Cisterna") -> 55 | C33: =IFERROR(COUNTIF(Simulación!C3:C1002,"Cisterna")/COUNTA(Simulación!A3:A1002)*100,0) -> 5.5 | D33: =IFERROR(AVERAGEIF(Simulación!C3:C1002,"Cisterna",Simulación!S3:S1002),0) -> 0.16060578 | E33: =IFERROR(AVERAGEIF(Simulación!C3:C1002,"Cisterna",Simulación!E3:E1002),0) -> 311.8299 | F33: =IFERROR(AVERAGEIF(Simulación!C3:C1002,"Cisterna",Simulación!I3:I1002),0) -> 2.5934201
A34: Camión Med. | B34: =COUNTIF(Simulación!C3:C1002,"Camión Med.") -> 69 | C34: =IFERROR(COUNTIF(Simulación!C3:C1002,"Camión Med.")/COUNTA(Simulación!A3:A1002)*100,0) -> 6.9 | D34: =IFERROR(AVERAGEIF(Simulación!C3:C1002,"Camión Med.",Simulación!S3:S1002),0) -> 0.25409131 | E34: =IFERROR(AVERAGEIF(Simulación!C3:C1002,"Camión Med.",Simulación!E3:E1002),0) -> 97.276446 | F34: =IFERROR(AVERAGEIF(Simulación!C3:C1002,"Camión Med.",Simulación!I3:I1002),0) -> 2.0702451
